<?xml version="1.0" encoding="UTF-8"?>
<GenRun Id="impl_1" LaunchPart="xc7a100tcsg324-1" LaunchTime="1636326385">
  <File Type="BITSTR-BMM" Name="shift_register_bd.bmm"/>
  <File Type="OPT-METHODOLOGY-DRC" Name="shift_register_methodology_drc_opted.rpt"/>
  <File Type="INIT-TIMING" Name="shift_register_timing_summary_init.rpt"/>
  <File Type="ROUTE-PWR" Name="shift_register_power_routed.rpt"/>
  <File Type="PA-TCL" Name="shift_register.tcl"/>
  <File Type="OPT-TIMING" Name="shift_register_timing_summary_opted.rpt"/>
  <File Type="OPT-DCP" Name="shift_register_opt.dcp"/>
  <File Type="ROUTE-PWR-SUM" Name="shift_register_power_summary_routed.pb"/>
  <File Type="REPORTS-TCL" Name="shift_register_reports.tcl"/>
  <File Type="OPT-DRC" Name="shift_register_drc_opted.rpt"/>
  <File Type="OPT-HWDEF" Name="shift_register.hwdef"/>
  <File Type="PWROPT-DCP" Name="shift_register_pwropt.dcp"/>
  <File Type="PWROPT-DRC" Name="shift_register_drc_pwropted.rpt"/>
  <File Type="PWROPT-TIMING" Name="shift_register_timing_summary_pwropted.rpt"/>
  <File Type="PLACE-DCP" Name="shift_register_placed.dcp"/>
  <File Type="PLACE-IO" Name="shift_register_io_placed.rpt"/>
  <File Type="PLACE-CLK" Name="shift_register_clock_utilization_placed.rpt"/>
  <File Type="PLACE-UTIL" Name="shift_register_utilization_placed.rpt"/>
  <File Type="PLACE-UTIL-PB" Name="shift_register_utilization_placed.pb"/>
  <File Type="PLACE-CTRL" Name="shift_register_control_sets_placed.rpt"/>
  <File Type="PLACE-SIMILARITY" Name="shift_register_incremental_reuse_placed.rpt"/>
  <File Type="PLACE-PRE-SIMILARITY" Name="shift_register_incremental_reuse_pre_placed.rpt"/>
  <File Type="BG-BGN" Name="shift_register.bgn"/>
  <File Type="PLACE-TIMING" Name="shift_register_timing_summary_placed.rpt"/>
  <File Type="POSTPLACE-PWROPT-DCP" Name="shift_register_postplace_pwropt.dcp"/>
  <File Type="BG-BIN" Name="shift_register.bin"/>
  <File Type="POSTPLACE-PWROPT-TIMING" Name="shift_register_timing_summary_postplace_pwropted.rpt"/>
  <File Type="PHYSOPT-DCP" Name="shift_register_physopt.dcp"/>
  <File Type="PHYSOPT-DRC" Name="shift_register_drc_physopted.rpt"/>
  <File Type="BITSTR-MSK" Name="shift_register.msk"/>
  <File Type="PHYSOPT-TIMING" Name="shift_register_timing_summary_physopted.rpt"/>
  <File Type="ROUTE-ERROR-DCP" Name="shift_register_routed_error.dcp"/>
  <File Type="ROUTE-DCP" Name="shift_register_routed.dcp"/>
  <File Type="ROUTE-BLACKBOX-DCP" Name="shift_register_routed_bb.dcp"/>
  <File Type="ROUTE-DRC" Name="shift_register_drc_routed.rpt"/>
  <File Type="ROUTE-DRC-PB" Name="shift_register_drc_routed.pb"/>
  <File Type="BITSTR-LTX" Name="debug_nets.ltx"/>
  <File Type="BITSTR-LTX" Name="shift_register.ltx"/>
  <File Type="ROUTE-DRC-RPX" Name="shift_register_drc_routed.rpx"/>
  <File Type="BITSTR-MMI" Name="shift_register.mmi"/>
  <File Type="ROUTE-METHODOLOGY-DRC" Name="shift_register_methodology_drc_routed.rpt"/>
  <File Type="ROUTE-METHODOLOGY-DRC-RPX" Name="shift_register_methodology_drc_routed.rpx"/>
  <File Type="BITSTR-SYSDEF" Name="shift_register.sysdef"/>
  <File Type="ROUTE-METHODOLOGY-DRC-PB" Name="shift_register_methodology_drc_routed.pb"/>
  <File Type="ROUTE-PWR-RPX" Name="shift_register_power_routed.rpx"/>
  <File Type="ROUTE-STATUS" Name="shift_register_route_status.rpt"/>
  <File Type="ROUTE-STATUS-PB" Name="shift_register_route_status.pb"/>
  <File Type="ROUTE-TIMINGSUMMARY" Name="shift_register_timing_summary_routed.rpt"/>
  <File Type="ROUTE-TIMING-PB" Name="shift_register_timing_summary_routed.pb"/>
  <File Type="ROUTE-TIMING-RPX" Name="shift_register_timing_summary_routed.rpx"/>
  <File Type="ROUTE-SIMILARITY" Name="shift_register_incremental_reuse_routed.rpt"/>
  <File Type="ROUTE-CLK" Name="shift_register_clock_utilization_routed.rpt"/>
  <File Type="ROUTE-BUS-SKEW" Name="shift_register_bus_skew_routed.rpt"/>
  <File Type="ROUTE-BUS-SKEW-PB" Name="shift_register_bus_skew_routed.pb"/>
  <File Type="ROUTE-BUS-SKEW-RPX" Name="shift_register_bus_skew_routed.rpx"/>
  <File Type="POSTROUTE-PHYSOPT-DCP" Name="shift_register_postroute_physopt.dcp"/>
  <File Type="POSTROUTE-PHYSOPT-BLACKBOX-DCP" Name="shift_register_postroute_physopt_bb.dcp"/>
  <File Type="POSTROUTE-PHYSOPT-TIMING" Name="shift_register_timing_summary_postroute_physopted.rpt"/>
  <File Type="POSTROUTE-PHYSOPT-TIMING-PB" Name="shift_register_timing_summary_postroute_physopted.pb"/>
  <File Type="POSTROUTE-PHYSOPT-TIMING-RPX" Name="shift_register_timing_summary_postroute_physopted.rpx"/>
  <File Type="POSTROUTE-PHYSOPT-BUS-SKEW" Name="shift_register_bus_skew_postroute_physopted.rpt"/>
  <File Type="POSTROUTE-PHYSOPT-BUS-SKEW-PB" Name="shift_register_bus_skew_postroute_physopted.pb"/>
  <File Type="BG-BIT" Name="shift_register.bit"/>
  <File Type="POSTROUTE-PHYSOPT-BUS-SKEW-RPX" Name="shift_register_bus_skew_postroute_physopted.rpx"/>
  <File Type="BITSTR-RBT" Name="shift_register.rbt"/>
  <File Type="BITSTR-NKY" Name="shift_register.nky"/>
  <File Type="BG-DRC" Name="shift_register.drc"/>
  <File Type="RDI-RDI" Name="shift_register.vdi"/>
  <File Type="WBT-USG" Name="usage_statistics_webtalk.html"/>
  <FileSet Name="sources" Type="DesignSrcs" RelSrcDir="$PSRCDIR/sources_1">
    <Filter Type="Srcs"/>
    <File Path="$PSRCDIR/sources_1/new/shift_register.v">
      <FileInfo>
        <Attr Name="UsedIn" Val="synthesis"/>
        <Attr Name="UsedIn" Val="implementation"/>
        <Attr Name="UsedIn" Val="simulation"/>
      </FileInfo>
    </File>
    <Config>
      <Option Name="DesignMode" Val="RTL"/>
      <Option Name="TopModule" Val="shift_register"/>
      <Option Name="TopAutoSet" Val="TRUE"/>
    </Config>
  </FileSet>
  <FileSet Name="constrs_in" Type="Constrs" RelSrcDir="$PSRCDIR/constrs_1">
    <Filter Type="Constrs"/>
    <File Path="$PPRDIR/Nexys-A7-100T-Master.xdc">
      <FileInfo>
        <Attr Name="UsedIn" Val="synthesis"/>
        <Attr Name="UsedIn" Val="implementation"/>
      </FileInfo>
    </File>
    <Config>
      <Option Name="ConstrsType" Val="XDC"/>
    </Config>
  </FileSet>
  <FileSet Name="utils" Type="Utils" RelSrcDir="$PSRCDIR/utils_1">
    <Filter Type="Utils"/>
    <Config>
      <Option Name="TopAutoSet" Val="TRUE"/>
    </Config>
  </FileSet>
  <Strategy Version="1" Minor="2">
    <StratHandle Name="Vivado Implementation Defaults" Flow="Vivado Implementation 2019">
      <Desc>Default settings for Implementation.</Desc>
    </StratHandle>
    <Step Id="init_design"/>
    <Step Id="opt_design"/>
    <Step Id="power_opt_design"/>
    <Step Id="place_design"/>
    <Step Id="post_place_power_opt_design"/>
    <Step Id="phys_opt_design"/>
    <Step Id="route_design"/>
    <Step Id="post_route_phys_opt_design"/>
    <Step Id="write_bitstream"/>
  </Strategy>
</GenRun>
