<?xml version="1.0" encoding="UTF-8"?>
<GenRun Id="impl_1" LaunchPart="xc7a100tcsg324-1" LaunchTime="1647654165">
  <File Type="BITSTR-BMM" Name="DigitalClock_bd.bmm"/>
  <File Type="OPT-METHODOLOGY-DRC" Name="DigitalClock_methodology_drc_opted.rpt"/>
  <File Type="INIT-TIMING" Name="DigitalClock_timing_summary_init.rpt"/>
  <File Type="ROUTE-PWR" Name="DigitalClock_power_routed.rpt"/>
  <File Type="PA-TCL" Name="DigitalClock.tcl"/>
  <File Type="OPT-TIMING" Name="DigitalClock_timing_summary_opted.rpt"/>
  <File Type="OPT-DCP" Name="DigitalClock_opt.dcp"/>
  <File Type="ROUTE-PWR-SUM" Name="DigitalClock_power_summary_routed.pb"/>
  <File Type="REPORTS-TCL" Name="DigitalClock_reports.tcl"/>
  <File Type="OPT-DRC" Name="DigitalClock_drc_opted.rpt"/>
  <File Type="OPT-HWDEF" Name="DigitalClock.hwdef"/>
  <File Type="PWROPT-DCP" Name="DigitalClock_pwropt.dcp"/>
  <File Type="PWROPT-DRC" Name="DigitalClock_drc_pwropted.rpt"/>
  <File Type="PWROPT-TIMING" Name="DigitalClock_timing_summary_pwropted.rpt"/>
  <File Type="PLACE-DCP" Name="DigitalClock_placed.dcp"/>
  <File Type="PLACE-IO" Name="DigitalClock_io_placed.rpt"/>
  <File Type="PLACE-CLK" Name="DigitalClock_clock_utilization_placed.rpt"/>
  <File Type="PLACE-UTIL" Name="DigitalClock_utilization_placed.rpt"/>
  <File Type="PLACE-UTIL-PB" Name="DigitalClock_utilization_placed.pb"/>
  <File Type="PLACE-CTRL" Name="DigitalClock_control_sets_placed.rpt"/>
  <File Type="PLACE-SIMILARITY" Name="DigitalClock_incremental_reuse_placed.rpt"/>
  <File Type="PLACE-PRE-SIMILARITY" Name="DigitalClock_incremental_reuse_pre_placed.rpt"/>
  <File Type="BG-BGN" Name="DigitalClock.bgn"/>
  <File Type="PLACE-TIMING" Name="DigitalClock_timing_summary_placed.rpt"/>
  <File Type="POSTPLACE-PWROPT-DCP" Name="DigitalClock_postplace_pwropt.dcp"/>
  <File Type="BG-BIN" Name="DigitalClock.bin"/>
  <File Type="POSTPLACE-PWROPT-TIMING" Name="DigitalClock_timing_summary_postplace_pwropted.rpt"/>
  <File Type="PHYSOPT-DCP" Name="DigitalClock_physopt.dcp"/>
  <File Type="PHYSOPT-DRC" Name="DigitalClock_drc_physopted.rpt"/>
  <File Type="BITSTR-MSK" Name="DigitalClock.msk"/>
  <File Type="PHYSOPT-TIMING" Name="DigitalClock_timing_summary_physopted.rpt"/>
  <File Type="ROUTE-ERROR-DCP" Name="DigitalClock_routed_error.dcp"/>
  <File Type="ROUTE-DCP" Name="DigitalClock_routed.dcp"/>
  <File Type="ROUTE-BLACKBOX-DCP" Name="DigitalClock_routed_bb.dcp"/>
  <File Type="ROUTE-DRC" Name="DigitalClock_drc_routed.rpt"/>
  <File Type="ROUTE-DRC-PB" Name="DigitalClock_drc_routed.pb"/>
  <File Type="BITSTR-LTX" Name="debug_nets.ltx"/>
  <File Type="BITSTR-LTX" Name="DigitalClock.ltx"/>
  <File Type="ROUTE-DRC-RPX" Name="DigitalClock_drc_routed.rpx"/>
  <File Type="BITSTR-MMI" Name="DigitalClock.mmi"/>
  <File Type="ROUTE-METHODOLOGY-DRC" Name="DigitalClock_methodology_drc_routed.rpt"/>
  <File Type="ROUTE-METHODOLOGY-DRC-RPX" Name="DigitalClock_methodology_drc_routed.rpx"/>
  <File Type="BITSTR-SYSDEF" Name="DigitalClock.sysdef"/>
  <File Type="ROUTE-METHODOLOGY-DRC-PB" Name="DigitalClock_methodology_drc_routed.pb"/>
  <File Type="ROUTE-PWR-RPX" Name="DigitalClock_power_routed.rpx"/>
  <File Type="ROUTE-STATUS" Name="DigitalClock_route_status.rpt"/>
  <File Type="ROUTE-STATUS-PB" Name="DigitalClock_route_status.pb"/>
  <File Type="ROUTE-TIMINGSUMMARY" Name="DigitalClock_timing_summary_routed.rpt"/>
  <File Type="ROUTE-TIMING-PB" Name="DigitalClock_timing_summary_routed.pb"/>
  <File Type="ROUTE-TIMING-RPX" Name="DigitalClock_timing_summary_routed.rpx"/>
  <File Type="ROUTE-SIMILARITY" Name="DigitalClock_incremental_reuse_routed.rpt"/>
  <File Type="ROUTE-CLK" Name="DigitalClock_clock_utilization_routed.rpt"/>
  <File Type="ROUTE-BUS-SKEW" Name="DigitalClock_bus_skew_routed.rpt"/>
  <File Type="ROUTE-BUS-SKEW-PB" Name="DigitalClock_bus_skew_routed.pb"/>
  <File Type="ROUTE-BUS-SKEW-RPX" Name="DigitalClock_bus_skew_routed.rpx"/>
  <File Type="POSTROUTE-PHYSOPT-DCP" Name="DigitalClock_postroute_physopt.dcp"/>
  <File Type="POSTROUTE-PHYSOPT-BLACKBOX-DCP" Name="DigitalClock_postroute_physopt_bb.dcp"/>
  <File Type="POSTROUTE-PHYSOPT-TIMING" Name="DigitalClock_timing_summary_postroute_physopted.rpt"/>
  <File Type="POSTROUTE-PHYSOPT-TIMING-PB" Name="DigitalClock_timing_summary_postroute_physopted.pb"/>
  <File Type="POSTROUTE-PHYSOPT-TIMING-RPX" Name="DigitalClock_timing_summary_postroute_physopted.rpx"/>
  <File Type="POSTROUTE-PHYSOPT-BUS-SKEW" Name="DigitalClock_bus_skew_postroute_physopted.rpt"/>
  <File Type="POSTROUTE-PHYSOPT-BUS-SKEW-PB" Name="DigitalClock_bus_skew_postroute_physopted.pb"/>
  <File Type="BG-BIT" Name="DigitalClock.bit"/>
  <File Type="POSTROUTE-PHYSOPT-BUS-SKEW-RPX" Name="DigitalClock_bus_skew_postroute_physopted.rpx"/>
  <File Type="BITSTR-RBT" Name="DigitalClock.rbt"/>
  <File Type="BITSTR-NKY" Name="DigitalClock.nky"/>
  <File Type="BG-DRC" Name="DigitalClock.drc"/>
  <File Type="RDI-RDI" Name="DigitalClock.vdi"/>
  <File Type="WBT-USG" Name="usage_statistics_webtalk.html"/>
  <FileSet Name="sources" Type="DesignSrcs" RelSrcDir="$PSRCDIR/sources_1">
    <Filter Type="Srcs"/>
    <File Path="$PSRCDIR/sources_1/new/DigitalClock.v">
      <FileInfo>
        <Attr Name="UsedIn" Val="synthesis"/>
        <Attr Name="UsedIn" Val="implementation"/>
        <Attr Name="UsedIn" Val="simulation"/>
      </FileInfo>
    </File>
    <Config>
      <Option Name="DesignMode" Val="RTL"/>
      <Option Name="TopModule" Val="DigitalClock"/>
      <Option Name="TopAutoSet" Val="TRUE"/>
    </Config>
  </FileSet>
  <FileSet Name="constrs_in" Type="Constrs" RelSrcDir="$PSRCDIR/constrs_1">
    <Filter Type="Constrs"/>
    <File Path="$PPRDIR/../Lab7.xdc">
      <FileInfo>
        <Attr Name="UsedIn" Val="synthesis"/>
        <Attr Name="UsedIn" Val="implementation"/>
      </FileInfo>
    </File>
    <Config>
      <Option Name="ConstrsType" Val="XDC"/>
    </Config>
  </FileSet>
  <FileSet Name="utils" Type="Utils" RelSrcDir="$PSRCDIR/utils_1">
    <Filter Type="Utils"/>
    <Config>
      <Option Name="TopAutoSet" Val="TRUE"/>
    </Config>
  </FileSet>
  <Strategy Version="1" Minor="2">
    <StratHandle Name="Vivado Implementation Defaults" Flow="Vivado Implementation 2019"/>
    <Step Id="init_design"/>
    <Step Id="opt_design"/>
    <Step Id="power_opt_design"/>
    <Step Id="place_design"/>
    <Step Id="post_place_power_opt_design"/>
    <Step Id="phys_opt_design"/>
    <Step Id="route_design"/>
    <Step Id="post_route_phys_opt_design"/>
    <Step Id="write_bitstream"/>
  </Strategy>
</GenRun>
