<?xml version="1.0" encoding="UTF-8"?>
<GenRun Id="impl_1" LaunchPart="xc7a100tcsg324-1" LaunchTime="1645825266">
  <File Type="BITSTR-BMM" Name="sim_bd.bmm"/>
  <File Type="OPT-METHODOLOGY-DRC" Name="sim_methodology_drc_opted.rpt"/>
  <File Type="INIT-TIMING" Name="sim_timing_summary_init.rpt"/>
  <File Type="ROUTE-PWR" Name="sim_power_routed.rpt"/>
  <File Type="PA-TCL" Name="sim.tcl"/>
  <File Type="OPT-TIMING" Name="sim_timing_summary_opted.rpt"/>
  <File Type="OPT-DCP" Name="sim_opt.dcp"/>
  <File Type="ROUTE-PWR-SUM" Name="sim_power_summary_routed.pb"/>
  <File Type="REPORTS-TCL" Name="sim_reports.tcl"/>
  <File Type="OPT-DRC" Name="sim_drc_opted.rpt"/>
  <File Type="OPT-HWDEF" Name="sim.hwdef"/>
  <File Type="PWROPT-DCP" Name="sim_pwropt.dcp"/>
  <File Type="PWROPT-DRC" Name="sim_drc_pwropted.rpt"/>
  <File Type="PWROPT-TIMING" Name="sim_timing_summary_pwropted.rpt"/>
  <File Type="PLACE-DCP" Name="sim_placed.dcp"/>
  <File Type="PLACE-IO" Name="sim_io_placed.rpt"/>
  <File Type="PLACE-CLK" Name="sim_clock_utilization_placed.rpt"/>
  <File Type="PLACE-UTIL" Name="sim_utilization_placed.rpt"/>
  <File Type="PLACE-UTIL-PB" Name="sim_utilization_placed.pb"/>
  <File Type="PLACE-CTRL" Name="sim_control_sets_placed.rpt"/>
  <File Type="PLACE-SIMILARITY" Name="sim_incremental_reuse_placed.rpt"/>
  <File Type="PLACE-PRE-SIMILARITY" Name="sim_incremental_reuse_pre_placed.rpt"/>
  <File Type="BG-BGN" Name="sim.bgn"/>
  <File Type="PLACE-TIMING" Name="sim_timing_summary_placed.rpt"/>
  <File Type="POSTPLACE-PWROPT-DCP" Name="sim_postplace_pwropt.dcp"/>
  <File Type="BG-BIN" Name="sim.bin"/>
  <File Type="POSTPLACE-PWROPT-TIMING" Name="sim_timing_summary_postplace_pwropted.rpt"/>
  <File Type="PHYSOPT-DCP" Name="sim_physopt.dcp"/>
  <File Type="PHYSOPT-DRC" Name="sim_drc_physopted.rpt"/>
  <File Type="BITSTR-MSK" Name="sim.msk"/>
  <File Type="PHYSOPT-TIMING" Name="sim_timing_summary_physopted.rpt"/>
  <File Type="ROUTE-ERROR-DCP" Name="sim_routed_error.dcp"/>
  <File Type="ROUTE-DCP" Name="sim_routed.dcp"/>
  <File Type="ROUTE-BLACKBOX-DCP" Name="sim_routed_bb.dcp"/>
  <File Type="ROUTE-DRC" Name="sim_drc_routed.rpt"/>
  <File Type="ROUTE-DRC-PB" Name="sim_drc_routed.pb"/>
  <File Type="BITSTR-LTX" Name="debug_nets.ltx"/>
  <File Type="BITSTR-LTX" Name="sim.ltx"/>
  <File Type="ROUTE-DRC-RPX" Name="sim_drc_routed.rpx"/>
  <File Type="BITSTR-MMI" Name="sim.mmi"/>
  <File Type="ROUTE-METHODOLOGY-DRC" Name="sim_methodology_drc_routed.rpt"/>
  <File Type="ROUTE-METHODOLOGY-DRC-RPX" Name="sim_methodology_drc_routed.rpx"/>
  <File Type="BITSTR-SYSDEF" Name="sim.sysdef"/>
  <File Type="ROUTE-METHODOLOGY-DRC-PB" Name="sim_methodology_drc_routed.pb"/>
  <File Type="ROUTE-PWR-RPX" Name="sim_power_routed.rpx"/>
  <File Type="ROUTE-STATUS" Name="sim_route_status.rpt"/>
  <File Type="ROUTE-STATUS-PB" Name="sim_route_status.pb"/>
  <File Type="ROUTE-TIMINGSUMMARY" Name="sim_timing_summary_routed.rpt"/>
  <File Type="ROUTE-TIMING-PB" Name="sim_timing_summary_routed.pb"/>
  <File Type="ROUTE-TIMING-RPX" Name="sim_timing_summary_routed.rpx"/>
  <File Type="ROUTE-SIMILARITY" Name="sim_incremental_reuse_routed.rpt"/>
  <File Type="ROUTE-CLK" Name="sim_clock_utilization_routed.rpt"/>
  <File Type="ROUTE-BUS-SKEW" Name="sim_bus_skew_routed.rpt"/>
  <File Type="ROUTE-BUS-SKEW-PB" Name="sim_bus_skew_routed.pb"/>
  <File Type="ROUTE-BUS-SKEW-RPX" Name="sim_bus_skew_routed.rpx"/>
  <File Type="POSTROUTE-PHYSOPT-DCP" Name="sim_postroute_physopt.dcp"/>
  <File Type="POSTROUTE-PHYSOPT-BLACKBOX-DCP" Name="sim_postroute_physopt_bb.dcp"/>
  <File Type="POSTROUTE-PHYSOPT-TIMING" Name="sim_timing_summary_postroute_physopted.rpt"/>
  <File Type="POSTROUTE-PHYSOPT-TIMING-PB" Name="sim_timing_summary_postroute_physopted.pb"/>
  <File Type="POSTROUTE-PHYSOPT-TIMING-RPX" Name="sim_timing_summary_postroute_physopted.rpx"/>
  <File Type="POSTROUTE-PHYSOPT-BUS-SKEW" Name="sim_bus_skew_postroute_physopted.rpt"/>
  <File Type="POSTROUTE-PHYSOPT-BUS-SKEW-PB" Name="sim_bus_skew_postroute_physopted.pb"/>
  <File Type="BG-BIT" Name="sim.bit"/>
  <File Type="POSTROUTE-PHYSOPT-BUS-SKEW-RPX" Name="sim_bus_skew_postroute_physopted.rpx"/>
  <File Type="BITSTR-RBT" Name="sim.rbt"/>
  <File Type="BITSTR-NKY" Name="sim.nky"/>
  <File Type="BG-DRC" Name="sim.drc"/>
  <File Type="RDI-RDI" Name="sim.vdi"/>
  <File Type="WBT-USG" Name="usage_statistics_webtalk.html"/>
  <FileSet Name="sources" Type="DesignSrcs" RelSrcDir="$PSRCDIR/sources_1">
    <Filter Type="Srcs"/>
    <File Path="$PSRCDIR/sources_1/new/segdisp.v">
      <FileInfo>
        <Attr Name="UsedIn" Val="synthesis"/>
        <Attr Name="UsedIn" Val="implementation"/>
        <Attr Name="UsedIn" Val="simulation"/>
      </FileInfo>
    </File>
    <Config>
      <Option Name="DesignMode" Val="RTL"/>
      <Option Name="TopModule" Val="sim"/>
      <Option Name="TopAutoSet" Val="TRUE"/>
    </Config>
  </FileSet>
  <FileSet Name="constrs_in" Type="Constrs" RelSrcDir="$PSRCDIR/constrs_1">
    <Filter Type="Constrs"/>
    <File Path="$PPRDIR/../Downloads/7segmentdisplay.xdc">
      <FileInfo>
        <Attr Name="UsedIn" Val="synthesis"/>
        <Attr Name="UsedIn" Val="implementation"/>
      </FileInfo>
    </File>
    <Config>
      <Option Name="ConstrsType" Val="XDC"/>
    </Config>
  </FileSet>
  <FileSet Name="utils" Type="Utils" RelSrcDir="$PSRCDIR/utils_1">
    <Filter Type="Utils"/>
    <Config>
      <Option Name="TopAutoSet" Val="TRUE"/>
    </Config>
  </FileSet>
  <Strategy Version="1" Minor="2">
    <StratHandle Name="Vivado Implementation Defaults" Flow="Vivado Implementation 2019">
      <Desc>Default settings for Implementation.</Desc>
    </StratHandle>
    <Step Id="init_design"/>
    <Step Id="opt_design"/>
    <Step Id="power_opt_design"/>
    <Step Id="place_design"/>
    <Step Id="post_place_power_opt_design"/>
    <Step Id="phys_opt_design"/>
    <Step Id="route_design"/>
    <Step Id="post_route_phys_opt_design"/>
    <Step Id="write_bitstream"/>
  </Strategy>
</GenRun>
