<?xml version="1.0" encoding="UTF-8"?>
<GenRun Id="impl_1" LaunchPart="xc7a100tcsg324-1" LaunchTime="1651213375">
  <File Type="BITSTR-BMM" Name="Lab12_bd.bmm"/>
  <File Type="OPT-METHODOLOGY-DRC" Name="Lab12_methodology_drc_opted.rpt"/>
  <File Type="INIT-TIMING" Name="Lab12_timing_summary_init.rpt"/>
  <File Type="ROUTE-PWR" Name="Lab12_power_routed.rpt"/>
  <File Type="PA-TCL" Name="Lab12.tcl"/>
  <File Type="OPT-TIMING" Name="Lab12_timing_summary_opted.rpt"/>
  <File Type="OPT-DCP" Name="Lab12_opt.dcp"/>
  <File Type="ROUTE-PWR-SUM" Name="Lab12_power_summary_routed.pb"/>
  <File Type="REPORTS-TCL" Name="Lab12_reports.tcl"/>
  <File Type="OPT-DRC" Name="Lab12_drc_opted.rpt"/>
  <File Type="OPT-HWDEF" Name="Lab12.hwdef"/>
  <File Type="PWROPT-DCP" Name="Lab12_pwropt.dcp"/>
  <File Type="PWROPT-DRC" Name="Lab12_drc_pwropted.rpt"/>
  <File Type="PWROPT-TIMING" Name="Lab12_timing_summary_pwropted.rpt"/>
  <File Type="PLACE-DCP" Name="Lab12_placed.dcp"/>
  <File Type="PLACE-IO" Name="Lab12_io_placed.rpt"/>
  <File Type="PLACE-CLK" Name="Lab12_clock_utilization_placed.rpt"/>
  <File Type="PLACE-UTIL" Name="Lab12_utilization_placed.rpt"/>
  <File Type="PLACE-UTIL-PB" Name="Lab12_utilization_placed.pb"/>
  <File Type="PLACE-CTRL" Name="Lab12_control_sets_placed.rpt"/>
  <File Type="PLACE-SIMILARITY" Name="Lab12_incremental_reuse_placed.rpt"/>
  <File Type="PLACE-PRE-SIMILARITY" Name="Lab12_incremental_reuse_pre_placed.rpt"/>
  <File Type="BG-BGN" Name="Lab12.bgn"/>
  <File Type="PLACE-TIMING" Name="Lab12_timing_summary_placed.rpt"/>
  <File Type="POSTPLACE-PWROPT-DCP" Name="Lab12_postplace_pwropt.dcp"/>
  <File Type="BG-BIN" Name="Lab12.bin"/>
  <File Type="POSTPLACE-PWROPT-TIMING" Name="Lab12_timing_summary_postplace_pwropted.rpt"/>
  <File Type="PHYSOPT-DCP" Name="Lab12_physopt.dcp"/>
  <File Type="PHYSOPT-DRC" Name="Lab12_drc_physopted.rpt"/>
  <File Type="BITSTR-MSK" Name="Lab12.msk"/>
  <File Type="PHYSOPT-TIMING" Name="Lab12_timing_summary_physopted.rpt"/>
  <File Type="ROUTE-ERROR-DCP" Name="Lab12_routed_error.dcp"/>
  <File Type="ROUTE-DCP" Name="Lab12_routed.dcp"/>
  <File Type="ROUTE-BLACKBOX-DCP" Name="Lab12_routed_bb.dcp"/>
  <File Type="ROUTE-DRC" Name="Lab12_drc_routed.rpt"/>
  <File Type="ROUTE-DRC-PB" Name="Lab12_drc_routed.pb"/>
  <File Type="BITSTR-LTX" Name="debug_nets.ltx"/>
  <File Type="BITSTR-LTX" Name="Lab12.ltx"/>
  <File Type="ROUTE-DRC-RPX" Name="Lab12_drc_routed.rpx"/>
  <File Type="BITSTR-MMI" Name="Lab12.mmi"/>
  <File Type="ROUTE-METHODOLOGY-DRC" Name="Lab12_methodology_drc_routed.rpt"/>
  <File Type="ROUTE-METHODOLOGY-DRC-RPX" Name="Lab12_methodology_drc_routed.rpx"/>
  <File Type="BITSTR-SYSDEF" Name="Lab12.sysdef"/>
  <File Type="ROUTE-METHODOLOGY-DRC-PB" Name="Lab12_methodology_drc_routed.pb"/>
  <File Type="ROUTE-PWR-RPX" Name="Lab12_power_routed.rpx"/>
  <File Type="ROUTE-STATUS" Name="Lab12_route_status.rpt"/>
  <File Type="ROUTE-STATUS-PB" Name="Lab12_route_status.pb"/>
  <File Type="ROUTE-TIMINGSUMMARY" Name="Lab12_timing_summary_routed.rpt"/>
  <File Type="ROUTE-TIMING-PB" Name="Lab12_timing_summary_routed.pb"/>
  <File Type="ROUTE-TIMING-RPX" Name="Lab12_timing_summary_routed.rpx"/>
  <File Type="ROUTE-SIMILARITY" Name="Lab12_incremental_reuse_routed.rpt"/>
  <File Type="ROUTE-CLK" Name="Lab12_clock_utilization_routed.rpt"/>
  <File Type="ROUTE-BUS-SKEW" Name="Lab12_bus_skew_routed.rpt"/>
  <File Type="ROUTE-BUS-SKEW-PB" Name="Lab12_bus_skew_routed.pb"/>
  <File Type="ROUTE-BUS-SKEW-RPX" Name="Lab12_bus_skew_routed.rpx"/>
  <File Type="POSTROUTE-PHYSOPT-DCP" Name="Lab12_postroute_physopt.dcp"/>
  <File Type="POSTROUTE-PHYSOPT-BLACKBOX-DCP" Name="Lab12_postroute_physopt_bb.dcp"/>
  <File Type="POSTROUTE-PHYSOPT-TIMING" Name="Lab12_timing_summary_postroute_physopted.rpt"/>
  <File Type="POSTROUTE-PHYSOPT-TIMING-PB" Name="Lab12_timing_summary_postroute_physopted.pb"/>
  <File Type="POSTROUTE-PHYSOPT-TIMING-RPX" Name="Lab12_timing_summary_postroute_physopted.rpx"/>
  <File Type="POSTROUTE-PHYSOPT-BUS-SKEW" Name="Lab12_bus_skew_postroute_physopted.rpt"/>
  <File Type="POSTROUTE-PHYSOPT-BUS-SKEW-PB" Name="Lab12_bus_skew_postroute_physopted.pb"/>
  <File Type="BG-BIT" Name="Lab12.bit"/>
  <File Type="POSTROUTE-PHYSOPT-BUS-SKEW-RPX" Name="Lab12_bus_skew_postroute_physopted.rpx"/>
  <File Type="BITSTR-RBT" Name="Lab12.rbt"/>
  <File Type="BITSTR-NKY" Name="Lab12.nky"/>
  <File Type="BG-DRC" Name="Lab12.drc"/>
  <File Type="RDI-RDI" Name="Lab12.vdi"/>
  <File Type="WBT-USG" Name="usage_statistics_webtalk.html"/>
  <FileSet Name="sources" Type="DesignSrcs" RelSrcDir="$PSRCDIR/sources_1">
    <Filter Type="Srcs"/>
    <File Path="$PSRCDIR/sources_1/new/TurnM.v">
      <FileInfo>
        <Attr Name="UsedIn" Val="synthesis"/>
        <Attr Name="UsedIn" Val="implementation"/>
        <Attr Name="UsedIn" Val="simulation"/>
      </FileInfo>
    </File>
    <Config>
      <Option Name="DesignMode" Val="RTL"/>
      <Option Name="TopModule" Val="Lab12"/>
      <Option Name="TopAutoSet" Val="TRUE"/>
    </Config>
  </FileSet>
  <FileSet Name="constrs_in" Type="Constrs" RelSrcDir="$PSRCDIR/constrs_1">
    <Filter Type="Constrs"/>
    <File Path="$PPRDIR/../Lab12.xdc">
      <FileInfo>
        <Attr Name="UsedIn" Val="synthesis"/>
        <Attr Name="UsedIn" Val="implementation"/>
      </FileInfo>
    </File>
    <Config>
      <Option Name="ConstrsType" Val="XDC"/>
    </Config>
  </FileSet>
  <FileSet Name="utils" Type="Utils" RelSrcDir="$PSRCDIR/utils_1">
    <Filter Type="Utils"/>
    <Config>
      <Option Name="TopAutoSet" Val="TRUE"/>
    </Config>
  </FileSet>
  <Strategy Version="1" Minor="2">
    <StratHandle Name="Vivado Implementation Defaults" Flow="Vivado Implementation 2019"/>
    <Step Id="init_design"/>
    <Step Id="opt_design"/>
    <Step Id="power_opt_design"/>
    <Step Id="place_design"/>
    <Step Id="post_place_power_opt_design"/>
    <Step Id="phys_opt_design"/>
    <Step Id="route_design"/>
    <Step Id="post_route_phys_opt_design"/>
    <Step Id="write_bitstream"/>
  </Strategy>
</GenRun>
